{
  "@context": {
    "envited-x": "https://ontologies.envited-x.net/envited-x/v2/ontology#",
    "manifest": "https://ontologies.envited-x.net/manifest/v4/ontology#",
    "gx": "https://registry.lab.gaia-x.eu/development/api/trusted-shape-registry/v1/shapes/jsonld/trustframework#",
    "sh": "http://www.w3.org/ns/shacl#",
    "rdf": "http://www.w3.org/1999/02/22-rdf-syntax-ns#",
    "xsd": "http://www.w3.org/2001/XMLSchema#",
    "skos": "http://www.w3.org/2004/02/skos/core#"
  },
  "@id": "did:web:registry.gaia-x.eu:Manifest:ZNh9Z-tHQpkpxJhNobhUVmauYxrfTAZdQy9L",
  "@type": "envited-x:Manifest",
  "manifest:hasManifestReference": {
    "@type": "manifest:Link",
    "manifest:hasAccessRole": {
      "@type": "manifest:AccessRole",
      "@id": "envited-x:isPublic"
    },
    "manifest:hasCategory": {
      "@type": "manifest:Category",
      "@id": "envited-x:isManifest"
    },
    "manifest:hasFileMetadata": {
      "@type": "manifest:FileMetadata",
      "manifest:filePath": {
        "@value": "./manifest_reference.json",
        "@type": "xsd:anyURI"
      },
      "manifest:mimeType": {
        "@value": "application/ld+json",
        "@type": "xsd:string"
      }
    }
  },
  "manifest:hasLicense": {
    "@type": "manifest:License",
    "gx:license": {
      "@value": "MPL-2.0"
    },
    "manifest:licenseData": {
      "@type": "manifest:Link",
      "manifest:hasAccessRole": {
        "@type": "manifest:AccessRole",
        "@id": "envited-x:isPublic"
      },
      "manifest:hasCategory": {
        "@type": "manifest:Category",
        "@id": "envited-x:isLicense"
      },
      "manifest:hasFileMetadata": {
        "@type": "manifest:FileMetadata",
        "manifest:filePath": {
          "@value": "https://www.mozilla.org/en-US/MPL/2.0/",
          "@type": "xsd:anyURI"
        },
        "manifest:mimeType": {
          "@value": "text/html",
          "@type": "xsd:string"
        }
      }
    }
  },
  "manifest:hasArtifacts": [
    {
      "@type": "manifest:Link",
      "manifest:hasAccessRole": {
        "@type": "manifest:AccessRole",
        "@id": "envited-x:isOwner"
      },
      "manifest:hasCategory": {
        "@type": "manifest:Category",
        "@id": "envited-x:isSimulationData"
      },
      "manifest:hasFileMetadata": {
        "@type": "manifest:FileMetadata",
        "manifest:filePath": {
          "@value": "./simulation-data/Testfeld_Niedersachsen_ALKS_xodr_sample_offset.xodr",
          "@type": "xsd:anyURI"
        },
        "manifest:mimeType": {
          "@value": "application/x-xodr",
          "@type": "xsd:string"
        },
        "manifest:fileSize": {
          "@value": 645096,
          "@type": "xsd:integer"
        },
        "manifest:filename": {
          "@value": "Testfeld_Niedersachsen_ALKS_xodr_sample_offset.xodr",
          "@type": "xsd:string"
        }
      }
    },
    {
      "@type": "manifest:Link",
      "manifest:hasAccessRole": {
        "@type": "manifest:AccessRole",
        "@id": "envited-x:isRegistered"
      },
      "manifest:hasCategory": {
        "@type": "manifest:Category",
        "@id": "envited-x:isMiscellaneous"
      },
      "manifest:hasFileMetadata": {
        "@type": "manifest:FileMetadata",
        "manifest:filePath": {
          "@value": "./simulation-data/Testfeld_Niedersachsen_ALKS_xodr_sample_offset.bjson",
          "@type": "xsd:anyURI"
        },
        "manifest:mimeType": {
          "@value": "application/json",
          "@type": "xsd:string"
        },
        "manifest:fileSize": {
          "@value": 61104,
          "@type": "xsd:integer"
        },
        "manifest:filename": {
          "@value": "Testfeld_Niedersachsen_ALKS_xodr_sample_offset.bjson",
          "@type": "xsd:string"
        }
      }
    },
    {
      "@type": "manifest:Link",
      "manifest:hasAccessRole": {
        "@type": "manifest:AccessRole",
        "@id": "envited-x:isPublic"
      },
      "manifest:hasCategory": {
        "@type": "manifest:Category",
        "@id": "envited-x:isDocumentation"
      },
      "manifest:hasFileMetadata": {
        "@type": "manifest:FileMetadata",
        "manifest:filePath": {
          "@value": "./documentation/Testfeld_Niedersachsen_ALKS_xodr_sample_offset_documentation.pdf",
          "@type": "xsd:anyURI"
        },
        "manifest:mimeType": {
          "@value": "application/pdf",
          "@type": "xsd:string"
        },
        "manifest:fileSize": {
          "@value": 101219,
          "@type": "xsd:integer"
        },
        "manifest:filename": {
          "@value": "Testfeld_Niedersachsen_ALKS_xodr_sample_offset_documentation.pdf",
          "@type": "xsd:string"
        }
      }
    },
    {
      "@type": "manifest:Link",
      "manifest:hasAccessRole": {
        "@type": "manifest:AccessRole",
        "@id": "envited-x:isRegistered"
      },
      "manifest:hasCategory": {
        "@type": "manifest:Category",
        "@id": "envited-x:isDocumentation"
      },
      "manifest:hasFileMetadata": {
        "@type": "manifest:FileMetadata",
        "manifest:filePath": {
          "@value": "./documentation/Testfeld_Niedersachsen_ALKS_xodr_sample_offset_documentation_stats.txt",
          "@type": "xsd:anyURI"
        },
        "manifest:mimeType": {
          "@value": "text/plain",
          "@type": "xsd:string"
        },
        "manifest:fileSize": {
          "@value": 4536,
          "@type": "xsd:integer"
        },
        "manifest:filename": {
          "@value": "Testfeld_Niedersachsen_ALKS_xodr_sample_offset_documentation_stats.txt",
          "@type": "xsd:string"
        }
      }
    },
    {
      "@type": "manifest:Link",
      "manifest:iri": {
        "@id": "did:web:registry.gaia-x.eu:HdMap:DjHgK5ErTBow1Ya3J05tW9l12skGWgZn6kA9"
      },
      "skos:note": {
        "@value": "This is the domain metadata for a HD Map.",
        "@type": "xsd:string"
      },
      "sh:conformsTo": [
        {
          "@id": "https://ontologies.envited-x.net/hdmap/v3/ontology"
        }
      ],
      "manifest:hasAccessRole": {
        "@type": "manifest:AccessRole",
        "@id": "envited-x:isPublic"
      },
      "manifest:hasCategory": {
        "@type": "manifest:Category",
        "@id": "envited-x:isMetadata"
      },
      "manifest:hasFileMetadata": {
        "@type": "manifest:FileMetadata",
        "manifest:filePath": {
          "@value": "./metadata/hdmap_instance.json",
          "@type": "xsd:anyURI"
        },
        "manifest:mimeType": {
          "@value": "application/ld+json",
          "@type": "xsd:string"
        },
        "manifest:fileSize": {
          "@value": 3751,
          "@type": "xsd:integer"
        },
        "manifest:filename": {
          "@value": "hdmap_instance.json",
          "@type": "xsd:string"
        }
      }
    },
    {
      "@type": "manifest:Link",
      "manifest:hasAccessRole": {
        "@type": "manifest:AccessRole",
        "@id": "envited-x:isRegistered"
      },
      "manifest:hasCategory": {
        "@type": "manifest:Category",
        "@id": "envited-x:isValidationReport"
      },
      "manifest:hasFileMetadata": {
        "@type": "manifest:FileMetadata",
        "manifest:filePath": {
          "@value": "./validation-reports/Testfeld_Niedersachsen_ALKS_xodr_sample_offset_asam_cb_xodr.xqar",
          "@type": "xsd:anyURI"
        },
        "manifest:mimeType": {
          "@value": "application/x-xqar",
          "@type": "xsd:string"
        },
        "manifest:fileSize": {
          "@value": 9524,
          "@type": "xsd:integer"
        },
        "manifest:filename": {
          "@value": "Testfeld_Niedersachsen_ALKS_xodr_sample_offset_asam_cb_xodr.xqar",
          "@type": "xsd:string"
        }
      }
    },
    {
      "@type": "manifest:Link",
      "manifest:hasAccessRole": {
        "@type": "manifest:AccessRole",
        "@id": "envited-x:isPublic"
      },
      "manifest:hasCategory": {
        "@type": "manifest:Category",
        "@id": "envited-x:isValidationReport"
      },
      "manifest:hasFileMetadata": {
        "@type": "manifest:FileMetadata",
        "manifest:filePath": {
          "@value": "./validation-reports/Testfeld_Niedersachsen_ALKS_xodr_sample_offset_asam_cb_xodr_QCReport.txt",
          "@type": "xsd:anyURI"
        },
        "manifest:mimeType": {
          "@value": "text/plain",
          "@type": "xsd:string"
        },
        "manifest:fileSize": {
          "@value": 14106,
          "@type": "xsd:integer"
        },
        "manifest:filename": {
          "@value": "Testfeld_Niedersachsen_ALKS_xodr_sample_offset_asam_cb_xodr_QCReport.txt",
          "@type": "xsd:string"
        }
      }
    },
    {
      "@type": "manifest:Link",
      "manifest:hasAccessRole": {
        "@type": "manifest:AccessRole",
        "@id": "envited-x:isRegistered"
      },
      "manifest:hasCategory": {
        "@type": "manifest:Category",
        "@id": "envited-x:isValidationReport"
      },
      "manifest:hasFileMetadata": {
        "@type": "manifest:FileMetadata",
        "manifest:filePath": {
          "@value": "./validation-reports/Testfeld_Niedersachsen_ALKS_xodr_sample_offset_openmsl_cb_xodr.xqar",
          "@type": "xsd:anyURI"
        },
        "manifest:mimeType": {
          "@value": "application/x-xqar",
          "@type": "xsd:string"
        },
        "manifest:fileSize": {
          "@value": 62409,
          "@type": "xsd:integer"
        },
        "manifest:filename": {
          "@value": "Testfeld_Niedersachsen_ALKS_xodr_sample_offset_openmsl_cb_xodr.xqar",
          "@type": "xsd:string"
        }
      }
    },
    {
      "@type": "manifest:Link",
      "manifest:hasAccessRole": {
        "@type": "manifest:AccessRole",
        "@id": "envited-x:isPublic"
      },
      "manifest:hasCategory": {
        "@type": "manifest:Category",
        "@id": "envited-x:isDocumentation"
      },
      "manifest:hasFileMetadata": {
        "@type": "manifest:FileMetadata",
        "manifest:filePath": {
          "@value": "./README.md",
          "@type": "xsd:anyURI"
        },
        "manifest:mimeType": {
          "@value": "text/markdown",
          "@type": "xsd:string"
        },
        "manifest:filename": {
          "@value": "README.md",
          "@type": "xsd:string"
        }
      }
    },
    {
      "@type": "manifest:Link",
      "manifest:hasAccessRole": {
        "@type": "manifest:AccessRole",
        "@id": "envited-x:isPublic"
      },
      "manifest:hasCategory": {
        "@type": "manifest:Category",
        "@id": "envited-x:isMedia"
      },
      "manifest:hasFileMetadata": {
        "@type": "manifest:FileMetadata",
        "manifest:filePath": {
          "@value": "./media/Testfeld_Niedersachsen_ALKS_xodr_sample_offset_impression-01.png",
          "@type": "xsd:anyURI"
        },
        "manifest:mimeType": {
          "@value": "image/png",
          "@type": "xsd:string"
        },
        "manifest:filename": {
          "@value": "Testfeld_Niedersachsen_ALKS_xodr_sample_offset_impression-01.png",
          "@type": "xsd:string"
        }
      }
    },
    {
      "@type": "manifest:Link",
      "manifest:hasAccessRole": {
        "@type": "manifest:AccessRole",
        "@id": "envited-x:isRegistered"
      },
      "manifest:hasCategory": {
        "@type": "manifest:Category",
        "@id": "envited-x:isMedia"
      },
      "manifest:hasFileMetadata": {
        "@type": "manifest:FileMetadata",
        "manifest:filePath": {
          "@value": "./media/Testfeld_Niedersachsen_ALKS_xodr_sample_offset_impression-02.png",
          "@type": "xsd:anyURI"
        },
        "manifest:mimeType": {
          "@value": "image/png",
          "@type": "xsd:string"
        },
        "manifest:filename": {
          "@value": "Testfeld_Niedersachsen_ALKS_xodr_sample_offset_impression-02.png",
          "@type": "xsd:string"
        }
      }
    },
    {
      "@type": "manifest:Link",
      "manifest:hasAccessRole": {
        "@type": "manifest:AccessRole",
        "@id": "envited-x:isRegistered"
      },
      "manifest:hasCategory": {
        "@type": "manifest:Category",
        "@id": "envited-x:isMedia"
      },
      "manifest:hasFileMetadata": {
        "@type": "manifest:FileMetadata",
        "manifest:filePath": {
          "@value": "./media/Testfeld_Niedersachsen_ALKS_xodr_sample_offset_impression-03.png",
          "@type": "xsd:anyURI"
        },
        "manifest:mimeType": {
          "@value": "image/png",
          "@type": "xsd:string"
        },
        "manifest:filename": {
          "@value": "Testfeld_Niedersachsen_ALKS_xodr_sample_offset_impression-03.png",
          "@type": "xsd:string"
        }
      }
    },
    {
      "@type": "manifest:Link",
      "manifest:hasAccessRole": {
        "@type": "manifest:AccessRole",
        "@id": "envited-x:isRegistered"
      },
      "manifest:hasCategory": {
        "@type": "manifest:Category",
        "@id": "envited-x:isMedia"
      },
      "manifest:hasFileMetadata": {
        "@type": "manifest:FileMetadata",
        "manifest:filePath": {
          "@value": "./media/bbox.geojson",
          "@type": "xsd:anyURI"
        },
        "manifest:mimeType": {
          "@value": "application/x-geojson",
          "@type": "xsd:string"
        },
        "manifest:filename": {
          "@value": "bbox.geojson",
          "@type": "xsd:string"
        }
      }
    },
    {
      "@type": "manifest:Link",
      "manifest:hasAccessRole": {
        "@type": "manifest:AccessRole",
        "@id": "envited-x:isRegistered"
      },
      "manifest:hasCategory": {
        "@type": "manifest:Category",
        "@id": "envited-x:isMedia"
      },
      "manifest:hasFileMetadata": {
        "@type": "manifest:FileMetadata",
        "manifest:filePath": {
          "@value": "./media/roadNetwork.geojson",
          "@type": "xsd:anyURI"
        },
        "manifest:mimeType": {
          "@value": "application/x-geojson",
          "@type": "xsd:string"
        },
        "manifest:filename": {
          "@value": "roadNetwork.geojson",
          "@type": "xsd:string"
        }
      }
    },
    {
      "@type": "manifest:Link",
      "manifest:hasAccessRole": {
        "@type": "manifest:AccessRole",
        "@id": "envited-x:isRegistered"
      },
      "manifest:hasCategory": {
        "@type": "manifest:Category",
        "@id": "envited-x:isMedia"
      },
      "manifest:hasFileMetadata": {
        "@type": "manifest:FileMetadata",
        "manifest:filePath": {
          "@value": "./media/3d_preview/breakLines.json",
          "@type": "xsd:anyURI"
        },
        "manifest:mimeType": {
          "@value": "application/json",
          "@type": "xsd:string"
        },
        "manifest:filename": {
          "@value": "breakLines.json",
          "@type": "xsd:string"
        }
      }
    },
    {
      "@type": "manifest:Link",
      "manifest:hasAccessRole": {
        "@type": "manifest:AccessRole",
        "@id": "envited-x:isRegistered"
      },
      "manifest:hasCategory": {
        "@type": "manifest:Category",
        "@id": "envited-x:isMedia"
      },
      "manifest:hasFileMetadata": {
        "@type": "manifest:FileMetadata",
        "manifest:filePath": {
          "@value": "./media/3d_preview/junctions.json",
          "@type": "xsd:anyURI"
        },
        "manifest:mimeType": {
          "@value": "application/json",
          "@type": "xsd:string"
        },
        "manifest:filename": {
          "@value": "junctions.json",
          "@type": "xsd:string"
        }
      }
    },
    {
      "@type": "manifest:Link",
      "manifest:hasAccessRole": {
        "@type": "manifest:AccessRole",
        "@id": "envited-x:isRegistered"
      },
      "manifest:hasCategory": {
        "@type": "manifest:Category",
        "@id": "envited-x:isMedia"
      },
      "manifest:hasFileMetadata": {
        "@type": "manifest:FileMetadata",
        "manifest:filePath": {
          "@value": "./media/3d_preview/laneSections.json",
          "@type": "xsd:anyURI"
        },
        "manifest:mimeType": {
          "@value": "application/json",
          "@type": "xsd:string"
        },
        "manifest:filename": {
          "@value": "laneSections.json",
          "@type": "xsd:string"
        }
      }
    },
    {
      "@type": "manifest:Link",
      "manifest:hasAccessRole": {
        "@type": "manifest:AccessRole",
        "@id": "envited-x:isRegistered"
      },
      "manifest:hasCategory": {
        "@type": "manifest:Category",
        "@id": "envited-x:isMedia"
      },
      "manifest:hasFileMetadata": {
        "@type": "manifest:FileMetadata",
        "manifest:filePath": {
          "@value": "./media/3d_preview/lanes.json",
          "@type": "xsd:anyURI"
        },
        "manifest:mimeType": {
          "@value": "application/json",
          "@type": "xsd:string"
        },
        "manifest:filename": {
          "@value": "lanes.json",
          "@type": "xsd:string"
        }
      }
    },
    {
      "@type": "manifest:Link",
      "manifest:hasAccessRole": {
        "@type": "manifest:AccessRole",
        "@id": "envited-x:isRegistered"
      },
      "manifest:hasCategory": {
        "@type": "manifest:Category",
        "@id": "envited-x:isMedia"
      },
      "manifest:hasFileMetadata": {
        "@type": "manifest:FileMetadata",
        "manifest:filePath": {
          "@value": "./media/3d_preview/objects.json",
          "@type": "xsd:anyURI"
        },
        "manifest:mimeType": {
          "@value": "application/json",
          "@type": "xsd:string"
        },
        "manifest:filename": {
          "@value": "objects.json",
          "@type": "xsd:string"
        }
      }
    },
    {
      "@type": "manifest:Link",
      "manifest:hasAccessRole": {
        "@type": "manifest:AccessRole",
        "@id": "envited-x:isRegistered"
      },
      "manifest:hasCategory": {
        "@type": "manifest:Category",
        "@id": "envited-x:isMedia"
      },
      "manifest:hasFileMetadata": {
        "@type": "manifest:FileMetadata",
        "manifest:filePath": {
          "@value": "./media/3d_preview/refLine.json",
          "@type": "xsd:anyURI"
        },
        "manifest:mimeType": {
          "@value": "application/json",
          "@type": "xsd:string"
        },
        "manifest:filename": {
          "@value": "refLine.json",
          "@type": "xsd:string"
        }
      }
    },
    {
      "@type": "manifest:Link",
      "manifest:hasAccessRole": {
        "@type": "manifest:AccessRole",
        "@id": "envited-x:isRegistered"
      },
      "manifest:hasCategory": {
        "@type": "manifest:Category",
        "@id": "envited-x:isMedia"
      },
      "manifest:hasFileMetadata": {
        "@type": "manifest:FileMetadata",
        "manifest:filePath": {
          "@value": "./media/3d_preview/roadMarks.json",
          "@type": "xsd:anyURI"
        },
        "manifest:mimeType": {
          "@value": "application/json",
          "@type": "xsd:string"
        },
        "manifest:filename": {
          "@value": "roadMarks.json",
          "@type": "xsd:string"
        }
      }
    },
    {
      "@type": "manifest:Link",
      "manifest:hasAccessRole": {
        "@type": "manifest:AccessRole",
        "@id": "envited-x:isRegistered"
      },
      "manifest:hasCategory": {
        "@type": "manifest:Category",
        "@id": "envited-x:isMedia"
      },
      "manifest:hasFileMetadata": {
        "@type": "manifest:FileMetadata",
        "manifest:filePath": {
          "@value": "./media/3d_preview/roads.json",
          "@type": "xsd:anyURI"
        },
        "manifest:mimeType": {
          "@value": "application/json",
          "@type": "xsd:string"
        },
        "manifest:filename": {
          "@value": "roads.json",
          "@type": "xsd:string"
        }
      }
    },
    {
      "@type": "manifest:Link",
      "manifest:hasAccessRole": {
        "@type": "manifest:AccessRole",
        "@id": "envited-x:isRegistered"
      },
      "manifest:hasCategory": {
        "@type": "manifest:Category",
        "@id": "envited-x:isMedia"
      },
      "manifest:hasFileMetadata": {
        "@type": "manifest:FileMetadata",
        "manifest:filePath": {
          "@value": "./media/3d_preview/signals.json",
          "@type": "xsd:anyURI"
        },
        "manifest:mimeType": {
          "@value": "application/json",
          "@type": "xsd:string"
        },
        "manifest:filename": {
          "@value": "signals.json",
          "@type": "xsd:string"
        }
      }
    },
    {
      "@type": "manifest:Link",
      "manifest:hasAccessRole": {
        "@type": "manifest:AccessRole",
        "@id": "envited-x:isRegistered"
      },
      "manifest:hasCategory": {
        "@type": "manifest:Category",
        "@id": "envited-x:isValidationReport"
      },
      "manifest:hasFileMetadata": {
        "@type": "manifest:FileMetadata",
        "manifest:filePath": {
          "@value": "./validation-reports/Testfeld_Niedersachsen_ALKS_xodr_sample_offset_openmsl_cb_xodr_QCReport.txt",
          "@type": "xsd:anyURI"
        },
        "manifest:mimeType": {
          "@value": "text/plain",
          "@type": "xsd:string"
        },
        "manifest:filename": {
          "@value": "Testfeld_Niedersachsen_ALKS_xodr_sample_offset_openmsl_cb_xodr_QCReport.txt",
          "@type": "xsd:string"
        }
      }
    }
  ],
  "manifest:hasReferencedArtifacts": []
}
